{
  "id": "1771063",
  "name": "仿taobao",
  "font_family": "iconfont",
  "css_prefix_text": "icon-",
  "description": "",
  "glyphs": [
    {
      "icon_id": "356438",
      "name": "放大镜",
      "font_class": "fangdajing",
      "unicode": "e60d",
      "unicode_decimal": 58893
    },
    {
      "icon_id": "594374",
      "name": "箭头",
      "font_class": "jiantou",
      "unicode": "e636",
      "unicode_decimal": 58934
    },
    {
      "icon_id": "4948950",
      "name": "箭头",
      "font_class": "jiantou1",
      "unicode": "e610",
      "unicode_decimal": 58896
    },
    {
      "icon_id": "5324398",
      "name": "照相机",
      "font_class": "zhaoxiangji",
      "unicode": "e60c",
      "unicode_decimal": 58892
    }
  ]
}
